{
  "total_delta": -10818176.86470824,
  "total_gamma": 240139.43342505075,
  "total_price": 2390888928.575015,
  "total_pl": -42121343.97771302,
  "n_instruments": 70000,
  "total_legs": 945564,
  "pricing_date": "2026-04-17",
  "pricing_time_sec": 6.301,
  "rollup_time_sec": 0.208,
  "total_time_sec": 6.509
}